#base de données Babylog
USE babylog;

INSERT INTO bebe(id_bebe,nom,prenom,date_naissance,sexe,photo) VALUES
(1,'Dupont','Jean','2017-07-05','M',NULL),
(2,'Dubois','Pauline','2017-01-17','F',NULL),
(3,'Menhir','Sarah','2016-11-24','F',NULL);

INSERT INTO utilisateur(id_utilisateur, nom, prenom, date_naissance, mail, photo, login, password) VALUES
(1,'Dupont','Paul','1985-03-13','paul.dupont@test.fr',NULL,'paul.dupont','xxxx'),
(2,'Dupont','Paulette','1985-06-22','pauline.dupont@test.fr',NULL,'pauline.dupont','xxxx'),
(3,'Dubois','Gérard','1983-11-02','gerard.dubois@test.fr',NULL,'gerard.dupont','xxxx'),
(4,'Menhir','Hervé','1979-01-02','herve.menhir@test.fr',NULL,'herve.menhir','xxxx'),
(5,'Menhir','Brigitte','1980-09-27','brigitte.menhir@test.fr',NULL,'brigitte.menhir','xxxx');

INSERT INTO utilisateur_bebe(id_bebe,id_utilisateur) VALUES
(1,1),
(1,2),
(2,3),
(3,4),
(3,5);

INSERT INTO evenement(id_evenement, id_bebe, id_utilisateur,date_debut, date_fin, heure_debut, heure_fin, commentaires) VALUES
(1,1,1,'2018-05-11','2018-05-11','8:00:00','8:30:00',NULL),
(2,1,1,'2018-05-11','2018-05-11','12:00:00','8:30:00',NULL),
(3,1,1,'2018-05-11','2018-05-11','16:00:00','8:30:00',NULL),
(4,1,2,'2018-05-11','2018-05-11','20:00:00','8:30:00',NULL),
(5,1,2,'2018-05-11','2018-05-11','00:00:00','8:30:00',NULL),
(6,1,2,'2018-05-12','2018-05-12','8:00:00','8:30:00',NULL),
(7,1,2,'2018-05-12','2018-05-12','12:00:00','8:30:00',NULL),
(8,1,1,'2018-05-12','2018-05-12','16:00:00','8:30:00',NULL),
(9,1,1,'2018-05-12','2018-05-12','20:00:00','8:30:00',NULL),
(10,1,2,'2018-05-12','2018-05-12','00:00:00','8:30:00',NULL),
(11,2,3,'2018-05-11','2018-05-11','8:00:00','8:30:00',NULL),
(12,2,3,'2018-05-11','2018-05-11','12:00:00','8:30:00',NULL),
(13,2,3,'2018-05-11','2018-05-11','16:00:00','8:30:00',NULL),
(14,2,3,'2018-05-11','2018-05-11','20:00:00','8:30:00',NULL),
(15,2,3,'2018-05-11','2018-05-11','00:00:00','8:30:00',NULL),
(16,2,3,'2018-05-12','2018-05-12','8:00:00','8:30:00',NULL),
(17,2,3,'2018-05-12','2018-05-12','12:00:00','8:30:00',NULL),
(18,2,3,'2018-05-12','2018-05-12','16:00:00','8:30:00',NULL),
(19,2,3,'2018-05-12','2018-05-12','20:00:00','8:30:00',NULL),
(20,2,3,'2018-05-12','2018-05-12','00:00:00','8:30:00',NULL),
(21,3,4,'2018-05-11','2018-05-11','8:00:00','8:30:00',NULL),
(22,3,4,'2018-05-11','2018-05-11','12:00:00','8:30:00',NULL),
(23,3,4,'2018-05-11','2018-05-11','16:00:00','8:30:00',NULL),
(24,3,4,'2018-05-11','2018-05-11','20:00:00','8:30:00',NULL),
(25,3,5,'2018-05-11','2018-05-11','00:00:00','8:30:00',NULL),
(26,3,5,'2018-05-12','2018-05-12','8:00:00','8:30:00',NULL),
(27,3,5,'2018-05-12','2018-05-12','12:00:00','8:30:00',NULL),
(28,3,5,'2018-05-12','2018-05-12','16:00:00','8:30:00',NULL),
(29,3,5,'2018-05-12','2018-05-12','20:00:00','8:30:00',NULL),
(30,3,5,'2018-05-12','2018-05-12','00:00:00','8:30:00',NULL);

INSERT INTO biberon(id_biberon, quantite_initiale, quantite_bue, cereales) VALUES
(1,'210','180','0'),
(2,'240','210','0'),
(3,'220','180','0'),
(4,'240','120','0'),
(5,'210','180','1'),
(6,'210','110','0'),
(7,'210','180','0'),
(8,'230','200','0'),
(9,'240','190','0'),
(10,'210','210','1'),
(11,'220','220','0'),
(12,'210','210','0'),
(13,'210','180','0'),
(14,'210','180','1'),
(15,'240','240','0'),
(16,'210','180','0'),
(17,'260','180','0'),
(18,'210','210','1'),
(19,'220','180','0'),
(20,'240','240','0'),
(21,'210','210','0'),
(22,'240','180','0'),
(23,'210','210','0'),
(24,'240','240','1'),
(25,'210','180','0'),
(26,'210','210','0'),
(27,'210','180','0'),
(28,'210','180','1'),
(29,'220','220','0'),
(30,'240','240','1');

